index,City,State,Zip,Bank,BankState,NAICS,NoEmp,NewExist,CreateJob,RetainedJob,FranchiseCode,UrbanRural,RevLineCr,LowDoc,DisbursementGross,BalanceGross,GrAppv,SBA_Appv
0,GARDENA,CA,90249,ONEUNITED BANK,MA,0,6,2.0,0,0,1,0,0,Y,50000.0,0.0,50000.0,40000.0
1,LOCKPORT,NY,14094,FIRST NIAGARA BANK NATL ASSOC,NY,238320,7,2.0,2,2,0,1,Y,N,91321.0,0.0,40000.0,20000.0
2,Canal Fulton,OH,44614,"FIRSTMERIT BANK, N.A.",OH,812191,5,1.0,0,5,0,2,T,N,263796.0,0.0,50000.0,25000.0
3,SANTEE,CA,92071,UMPQUA BANK,OR,811121,23,1.0,0,0,1,0,0,N,255000.0,0.0,255000.0,191250.0
4,NORTON,MA,2766,CITIZENS BANK NATL ASSOC,MA,485320,2,1.0,1,2,1,1,Y,N,35000.0,0.0,35000.0,17500.0
5,GLENDALE,AZ,85310,BMO HARRIS BK NATL ASSOC,IL,453220,2,2.0,2,2,1,1,0,N,125000.0,0.0,125000.0,106250.0
6,SALEM,MA,1970,SALEM FIVE CENTS SAVINGS BANK,MA,562991,2,1.0,2,2,56230,1,Y,N,105229.0,0.0,50000.0,25000.0
7,CHULA VISTA,CA,91911,"CITIBANK, N.A.",CA,421920,4,1.0,0,4,1,1,Y,N,100000.0,0.0,50000.0,25000.0
8,SPRING,TX,77388,JPMORGAN CHASE BANK NATL ASSOC,IL,315999,1,1.0,0,1,0,1,Y,N,53457.0,0.0,25000.0,12500.0
9,RICHMOND,CA,94801,BANK OF THE WEST,CA,0,1,1.0,0,0,1,0,N,N,133000.0,0.0,153000.0,114750.0
10,RANCHO CUCAMONGA,CA,91730,SBA - EDF ENFORCEMENT ACTION,CO,531210,11,1.0,11,11,1,1,0,N,441000.0,0.0,441000.0,441000.0
11,UNIONVILLE,MO,63565,FARMERS BK OF NORTHERN MISSOUR,MO,0,4,2.0,0,0,1,0,N,N,200000.0,0.0,200000.0,150000.0
12,PALM HARBOR,FL,34683,BRANCH BK. & TR CO,NC,722110,10,2.0,10,10,0,1,T,N,118461.0,0.0,50000.0,25000.0
13,DEHNAM SPRINGS,LA,70726,"DRYADES SAVINGS BANK, F.S.B.",LA,713950,60,2.0,0,0,1,0,N,N,1000000.0,0.0,1000000.0,750000.0
14,CALEDONIA,ND,58223,THE GOOSE RIVER BANK,ND,213115,1,1.0,0,0,1,2,N,N,1000000.0,0.0,1000000.0,750000.0
15,VISTA,CA,92083,PACIFIC WESTERN BANK,CA,0,2,2.0,0,0,1,1,0,Y,60000.0,0.0,60000.0,48000.0
16,TEMECULA,CA,92592,JPMORGAN CHASE BANK NATL ASSOC,IL,561990,1,2.0,1,1,0,1,Y,N,119200.0,0.0,50000.0,25000.0
17,ORLANDO,FL,32810,BBCN BANK,CA,442210,3,1.0,3,3,1,0,0,N,10000.0,0.0,10000.0,8500.0
18,JEFFERSON,LA,70121,JEDCO DEVELOPMENT CORPORATION,LA,421840,7,1.0,2,7,1,1,N,N,186000.0,0.0,190000.0,190000.0
19,Vancouver,WA,98660,UMPQUA BANK,WA,541820,32,1.0,0,32,0,1,N,N,350000.0,0.0,350000.0,175000.0
20,PORTLAND,OR,97209,U.S. BANK NATIONAL ASSOCIATION,OH,541512,2,2.0,1,3,0,1,Y,N,118392.0,0.0,49000.0,24500.0
21,DALLAS,TX,75244,BANK OF AMERICA NATL ASSOC,NC,561990,2,1.0,0,2,0,1,Y,N,36240.0,0.0,35000.0,17500.0
22,NEW YORK,NY,10019,HSBC BK USA NATL ASSOC,NY,621310,3,1.0,0,0,1,0,N,Y,25000.0,0.0,25000.0,20000.0
23,NAMPA,ID,83686,"CAPITAL MATRIX, INC.",ID,332996,16,1.0,4,12,1,1,N,N,201000.0,0.0,220000.0,220000.0
24,Cudahy,CA,90201,MORTGAGE CAP. DEVEL CORP,CA,484110,5,1.0,2,0,0,1,,N,309000.0,0.0,309000.0,309000.0
25,FALLON,NV,89406,U.S. BANK NATIONAL ASSOCIATION,OH,0,12,1.0,0,0,1,0,N,Y,40000.0,0.0,40000.0,36000.0
26,BOSTON,MA,2210,CITIZENS BANK NATL ASSOC,RI,422990,7,1.0,0,7,1,1,Y,N,107196.0,0.0,70000.0,35000.0
27,TEMPE,AZ,85281,MERIDIAN BANK NATL ASSOC,AZ,811118,5,1.0,0,0,1,0,0,N,170000.0,0.0,170000.0,119000.0
28,ALPHARETTA,GA,30022,BBCN BANK,IL,812320,2,2.0,0,2,1,1,0,N,140000.0,0.0,140000.0,119000.0
29,GREENSBORO,NC,27407,BRANCH BK. & TR CO,NC,0,25,1.0,0,0,1,0,N,N,800000.0,0.0,800000.0,600000.0
30,PASSAIC,NJ,7055,WELLS FARGO BANK NATL ASSOC,SD,621310,15,1.0,0,0,1,0,0,N,139000.0,0.0,139000.0,104250.0
31,ORCAS,WA,98280,AMERICANWEST BANK,WA,487210,4,1.0,2,0,1,1,0,N,205000.0,0.0,205000.0,153750.0
32,HENDERSON,NV,89014,NEVADA ST. DEVEL CORP,NV,722211,39,1.0,5,0,1,1,0,N,588000.0,0.0,588000.0,588000.0
33,EL PASO,TX,79935,JPMORGAN CHASE BANK NATL ASSOC,IL,531320,12,1.0,0,12,1,1,Y,N,242295.0,0.0,50000.0,25000.0
34,ST. PAUL,MN,55101,SPEDCO,MN,811111,6,1.0,2,6,1,0,N,N,147000.0,0.0,147000.0,147000.0
35,OREM,UT,84057,CELTIC BANK CORPORATION,UT,511191,5,1.0,0,5,1,1,Y,N,100000.0,0.0,100000.0,50000.0
36,PINE BLUFFS,WY,82082,WELLS FARGO BANK NATL ASSOC,WY,0,6,1.0,0,0,1,0,0,N,42628.0,0.0,125000.0,93750.0
37,TUCSON,AZ,85713,BUSINESS DEVEL FINAN CORP,AZ,0,6,1.0,3,0,1,0,0,N,54000.0,0.0,126000.0,126000.0
38,BRONX,NY,10461,HSBC BK USA NATL ASSOC,NY,621111,3,1.0,0,0,1,1,0,Y,115000.0,0.0,115000.0,97750.0
39,TWIN FALLS,ID,83301,REGION IV DEVEL CORP,ID,0,21,1.0,10,11,1,0,N,N,308000.0,0.0,308000.0,308000.0
40,FARGO,ND,58103,BELL STATE BANK & TRUST,ND,0,8,1.0,0,0,1,1,0,Y,97606.0,0.0,100000.0,80000.0
41,FITCHBURG,MA,1420,BAY COLONY DEVEL CORP,MA,0,25,1.0,20,0,1,0,N,N,690000.0,0.0,690000.0,690000.0
42,WHEELING,IL,60090,"SOMERCOR 504, INC.",IL,421310,34,1.0,10,0,1,0,N,N,254000.0,0.0,254000.0,254000.0
43,CHAMPAIGN,IL,61822,BBCN BANK,CA,448120,1,2.0,1,1,1,1,0,N,5000.0,0.0,5000.0,4250.0
44,ATLANTA,GA,30342,LOANS FROM OLD CLOSED LENDERS,DC,722110,35,1.0,5,30,1,1,0,N,616000.0,0.0,616000.0,462000.0
45,Paterson,NJ,7501,"TD BANK, NATIONAL ASSOCIATION",DE,445310,2,1.0,0,2,0,1,Y,N,179616.0,0.0,140000.0,70000.0
46,DECATUR,TX,76112,WELLS FARGO BANK NATL ASSOC,SD,0,10,2.0,0,0,1,0,0,N,528000.0,0.0,528000.0,396000.0
47,BEAUFORT,SC,29910,WELLS FARGO BANK NATL ASSOC,NC,0,1,2.0,3,4,1,1,0,N,60000.0,0.0,60000.0,30000.0
48,Westerville,OH,43081,"PNC BANK, NATIONAL ASSOCIATION",DE,713940,4,2.0,0,4,0,1,N,N,90000.0,0.0,90000.0,45000.0
49,SANTA MARIA,CA,93455,COASTAL BUSINESS FINANCE,CA,541211,7,1.0,4,7,1,1,N,N,195000.0,0.0,209000.0,209000.0
50,WAKE FOREST,NC,27588,"PNC BANK, NATIONAL ASSOCIATION",DE,422410,2,2.0,2,2,1,1,T,N,107640.0,0.0,80000.0,40000.0
51,BAKERSFIELD,CA,93307,BANK OF AMERICA CALIFORNIA N.A,CA,0,1,1.0,0,1,1,0,Y,N,20500.0,0.0,20000.0,10000.0
52,ST. CHARLES,MO,63301,U.S. BANK NATIONAL ASSOCIATION,OH,235920,2,1.0,0,2,1,1,Y,N,20615.0,0.0,20000.0,10000.0
53,PONCHATOULA,LA,70454,WHITNEY BANK,MS,812320,15,1.0,5,15,1,1,0,N,250000.0,0.0,250000.0,125000.0
54,COLUMBUS,GA,31904,KEYBANK NATIONAL ASSOCIATION,AK,0,4,1.0,0,0,1,0,N,N,170000.0,0.0,170000.0,127500.0
55,TROUTDALE,OR,97024,GE CAP. SMALL BUS. FINAN CORP,TX,447190,6,1.0,0,0,1,0,N,N,275200.0,0.0,275200.0,206400.0
56,MIDDLEFIELD,OH,44099,"FIRSTMERIT BANK, N.A.",OH,321113,1,1.0,0,1,1,2,0,N,35000.0,0.0,35000.0,17500.0
57,ONTARIO,OR,97914,KEYBANK NATIONAL ASSOCIATION,OH,722513,2,2.0,7,2,68020,2,0,N,140000.0,0.0,140000.0,119000.0
58,GREENSBORO,NC,27455,BANK OF AMERICA NATL ASSOC,NC,238190,2,2.0,0,2,0,1,Y,N,14812.0,0.0,10000.0,5000.0
59,LINCOLN,NE,68508,UNION BANK AND TRUST COMPANY,NE,421410,3,2.0,0,0,1,0,N,N,110000.0,0.0,110000.0,99000.0
60,Lubbock,TX,79423,SOUTHWEST BANK,TX,812112,3,1.0,0,3,0,1,N,N,234000.0,0.0,234000.0,210600.0
61,Buffalo,NY,14211,MANUFACTURERS & TRADERS TR CO,NY,811192,2,2.0,0,2,0,1,N,N,50000.0,0.0,50000.0,25000.0
62,S. WILLIAMSON,KY,41503,COMMONWEALTH SMALL BUS. DEVEL,KY,0,11,1.0,12,12,79140,0,N,N,450000.0,0.0,450000.0,450000.0
63,Cortland,NY,13045,"NBT BANK, NATIONAL ASSOCIATION",NY,484220,5,1.0,0,5,0,2,Y,N,57000.0,0.0,35000.0,17500.0
64,HONOLULU,HI,96813,CENTRAL PACIFIC BANK,HI,485999,30,1.0,2,30,1,1,0,N,400000.0,0.0,400000.0,300000.0
65,BROOKLYN (BOROUGH OF NEW YORK),NY,11201,FIRST NIAGARA BANK NATL ASSOC,NY,451110,10,1.0,0,10,1,1,0,N,25000.0,0.0,25000.0,12500.0
66,COLUMBUS,OH,43213,JPMORGAN CHASE BANK NATL ASSOC,IL,0,25,1.0,0,0,1,0,0,N,26000.0,0.0,26000.0,13000.0
67,SHAWNEE,KS,66216,BANK OF AMERICA NATL ASSOC,NC,0,11,2.0,0,0,75980,0,N,Y,26414.0,0.0,35000.0,31500.0
68,MIAMI,FL,33186,BANK OF AMERICA NATL ASSOC,NC,423990,2,1.0,0,2,0,1,Y,N,340000.0,0.0,100000.0,50000.0
69,BRUNSWICK,GA,31520,COASTAL AREA DISTRICT DEVEL AU,GA,453930,3,1.0,3,0,1,0,N,N,69000.0,0.0,75000.0,75000.0
70,BELMONT,CA,94002,CITY NATIONAL BANK,CA,0,5,1.0,0,0,1,0,0,N,184500.0,0.0,184500.0,138375.0
71,TOWSON,MD,21286,BANK OF AMERICA NATL ASSOC,NC,811219,2,2.0,0,2,37525,1,0,N,18000.0,0.0,18000.0,9000.0
72,ALLEN,TX,75002,COMPASS BANK,AL,722110,14,2.0,16,14,1,1,0,N,73100.0,0.0,73100.0,62135.0
73,GARDENA,CA,90247,HANMI BANK,CA,722110,17,1.0,0,17,1,1,0,N,123000.0,0.0,131000.0,111350.0
74,NEOGA,IL,62247,THE FIRST NATIONAL BANK,IL,621210,4,2.0,0,0,1,0,N,N,160000.0,0.0,160000.0,120000.0
75,WEBSTER,NY,14580,CITIZENS BANK NATL ASSOC,RI,811111,1,2.0,0,1,1,2,N,N,19856.0,0.0,20000.0,10000.0
76,MOUNT HOLLY,NJ,8060,"PNC BANK, NATIONAL ASSOCIATION",DE,339999,15,1.0,15,15,1,1,0,N,920000.0,0.0,920000.0,690000.0
77,ORLANDO,FL,32803,BANK OF AMERICA NATL ASSOC,NC,812320,25,1.0,0,0,1,0,N,N,396000.0,0.0,396000.0,336600.0
78,KILLEEN,TX,76541,WELLS FARGO BANK NATL ASSOC,SD,812320,12,2.0,0,0,1,0,0,N,285000.0,0.0,285000.0,213750.0
79,SEATTLE,WA,98122,U.S. BANK NATIONAL ASSOCIATION,OH,326122,30,1.0,0,0,1,0,N,N,630000.0,0.0,630000.0,472500.0
80,MISSOURI CITY,TX,77459,JPMORGAN CHASE BANK NATL ASSOC,IL,453998,2,2.0,0,2,0,1,N,N,50400.0,0.0,50400.0,25200.0
81,INDIANAPOLIS,IN,46239,KEYBANK NATIONAL ASSOCIATION,OH,0,2,2.0,0,0,1,1,N,N,82000.0,0.0,82000.0,61500.0
82,DALLAS,TX,75252,BANK OF AMERICA NATL ASSOC,NC,238330,7,1.0,2,7,0,1,Y,N,50000.0,0.0,50000.0,25000.0
83,VERNON,CA,90058,BANCO POPULAR NORTH AMERICA,NY,422990,3,1.0,0,3,1,1,Y,N,150000.0,0.0,150000.0,75000.0
84,SWAINSBORO,GA,30401,GEORGIA CERT. DEVEL CORP,GA,425120,10,1.0,3,0,1,2,0,N,506000.0,0.0,506000.0,506000.0
85,BRIDGMAN,MI,49106,1ST SOURCE BANK,IN,812210,4,1.0,2,6,1,2,0,N,100000.0,0.0,100000.0,50000.0
86,MORGAN CITY,LA,70380,WHITNEY BANK,LA,621610,7,2.0,0,0,1,0,N,Y,50000.0,0.0,50000.0,45000.0
87,LIBERAL,KS,67901,BANK OF AMERICA NATL ASSOC,KS,0,16,1.0,0,0,1,0,N,N,250000.0,0.0,250000.0,204500.0
88,OAKDALE,CT,6370,BANK OF AMERICA NATL ASSOC,RI,235930,2,1.0,0,2,1,1,Y,N,25000.0,0.0,25000.0,12500.0
89,MIAMI,FL,33147,FLORIDA 1ST CAP. FINAN CORPORA,FL,424460,3,1.0,5,0,1,1,0,N,229000.0,0.0,235000.0,235000.0
90,GRAND ISLAND,NE,68801,HERITAGE BANK,NE,541940,8,1.0,0,8,1,2,0,N,68000.0,0.0,68000.0,34000.0
91,SIOUX FALLS,SD,57106,FIRST PREMIER BANK,SD,722211,30,2.0,0,0,1,1,N,N,302286.0,0.0,350000.0,262500.0
92,LEWISVILLE,TX,75067,JPMORGAN CHASE BANK NATL ASSOC,IL,453998,36,1.0,18,18,1,0,0,N,250000.0,0.0,250000.0,187500.0
93,MAYSVILLE,MO,64469,INDEPENDENT FARMERS BANK,MO,0,12,1.0,0,0,1,0,N,N,323000.0,0.0,323000.0,274550.0
94,BENTON,AR,72015,BANKTENNESSEE,TN,0,44,1.0,0,0,1,2,N,N,980000.0,0.0,980000.0,735000.0
95,CANONSBURG,PA,15317,"PNC BANK, NATIONAL ASSOCIATION",PA,624410,6,2.0,0,0,1,1,0,Y,25000.0,0.0,25000.0,21250.0
96,KNOXVILLE,TN,37909,AREAWIDE DEVEL CORP,TN,713940,2,2.0,20,0,1,1,0,N,507000.0,0.0,507000.0,507000.0
97,CHITTENANGO,NY,13037,KEYBANK NATIONAL ASSOCIATION,NY,0,8,2.0,0,0,1,0,N,N,175000.0,0.0,175000.0,131250.0
98,DESTIN,FL,32541,WELLS FARGO BANK NATL ASSOC,SD,0,10,1.0,0,0,1,0,N,N,48000.0,0.0,48000.0,43200.0
99,Bloomfield,NJ,7003,COMPASS BANK,AL,541940,3,2.0,4,3,0,1,N,N,418900.0,0.0,418900.0,377010.0
100,MESQUITE,TX,75007,EAST WEST BANK,TX,812320,2,1.0,1,3,1,0,0,N,100000.0,0.0,100000.0,50000.0
101,DUBLIN,CA,94568,INNOVATIVE BANK,CA,443111,1,2.0,0,1,1,0,0,N,5000.0,0.0,5000.0,4250.0
102,AURORA,IL,60504,JPMORGAN CHASE BANK NATL ASSOC,IL,713990,1,2.0,8,9,0,1,Y,N,44357.0,0.0,25000.0,12500.0
103,CLIMAX,MN,56523,RED RIVER STATE BANK,MN,111940,2,1.0,0,2,0,2,Y,N,60000.0,0.0,60000.0,30000.0
104,OCEAN CITY,NJ,8226,"PNC BANK, NATIONAL ASSOCIATION",DE,453220,2,1.0,0,2,1,1,Y,N,50000.0,0.0,20000.0,10000.0
105,LIBERAL,KS,67901,1ST NATL BK OF LIBERAL,KS,453220,10,1.0,0,0,1,0,N,Y,20000.0,0.0,20000.0,16000.0
106,WILMINGTON,DE,19804,WILMINGTON TRUST COMPANY,DE,234110,1,1.0,0,0,1,0,N,Y,41000.0,0.0,41000.0,32800.0
107,CALABASAS,CA,91302,JPMORGAN CHASE BANK NATL ASSOC,IL,811212,2,1.0,2,4,1,1,Y,N,53956.0,0.0,50000.0,25000.0
108,OKLAHOMA CITY,OK,73120,BANK - OKLAHOMA NATL ASSOC,OK,421310,3,1.0,0,0,1,1,Y,N,500000.0,0.0,500000.0,450000.0
109,CARSON,CA,90746,OPUS BANK,CA,421910,38,1.0,0,0,1,0,N,N,1420000.0,0.0,1420000.0,999964.0
110,FT. WORTH,TX,76103,COMPASS BANK,TX,0,10,1.0,0,0,1,0,N,Y,50000.0,0.0,50000.0,45000.0
111,CONVERSE,TX,78109,BANK OF AMERICA NATL ASSOC,NC,621210,1,2.0,0,0,1,0,N,Y,75000.0,0.0,75000.0,67500.0
112,WAPPINGER FALLS,NY,12590,EMPIRE ST. CERT. DEVEL CORP,NY,811111,16,1.0,9,7,1,0,N,N,399000.0,0.0,399000.0,399000.0
113,SEATTLE,WA,98102,U.S. BANK NATIONAL ASSOCIATION,OH,812111,2,1.0,0,2,0,1,N,N,15000.0,0.0,15000.0,7500.0
114,NORMAN,AR,71960,FIRST FINANCIAL BANK,AR,112210,2,2.0,0,0,1,0,N,N,430000.0,0.0,430000.0,322500.0
115,FAIRFAX STATION (RR NAME FAIRF,VA,22030,"PNC BANK, NATIONAL ASSOCIATION",DE,446199,39,1.0,10,49,1,1,Y,N,935000.0,0.0,350000.0,175000.0
116,ROME,NY,13440,WELLS FARGO BANK NATL ASSOC,SD,235110,6,2.0,0,0,1,0,0,N,183000.0,0.0,183000.0,137250.0
117,CLACKAMAS,OR,97015,JPMORGAN CHASE BANK NATL ASSOC,NV,423840,3,1.0,1,3,1,2,Y,N,46720.0,0.0,25000.0,12500.0
118,LEVITTOWN,NY,11756,BANK OF AMERICA NATL ASSOC,NC,722211,5,1.0,0,5,0,1,N,N,6000.0,0.0,6000.0,3000.0
119,MENDENHALL,MS,39114,PEOPLES BANK,MS,112320,1,0.0,0,0,1,0,N,N,427000.0,0.0,427000.0,350140.0
120,LONG BEACH,CA,90814,JPMORGAN CHASE BANK NATL ASSOC,IL,722110,10,1.0,13,13,0,1,Y,N,62975.0,0.0,30000.0,15000.0
121,SAN DIEGO,CA,92113,PACIFIC WESTERN BANK,CA,811111,3,2.0,0,3,1,1,Y,N,30000.0,0.0,30000.0,25500.0
122,MIAMI,FL,33155,BANCO POPULAR NORTH AMERICA,NY,481212,18,1.0,5,18,0,1,Y,N,75000.0,0.0,75000.0,37500.0
123,ROCHESTER,NY,14624,MANUFACTURERS & TRADERS TR CO,NY,541330,1,1.0,2,1,1,1,0,N,11000.0,0.0,11000.0,5500.0
124,MARINETTE,WI,54143,STEPHENSON NATL BK & TR,WI,713930,12,1.0,0,0,1,0,N,N,850000.0,0.0,850000.0,722500.0
125,FARMINGTON HILLS,MI,48334,KEYBANK NATIONAL ASSOCIATION,OH,621210,12,1.0,3,12,1,1,0,N,359000.0,0.0,359000.0,269250.0
126,SPANISH FORK,UT,84660,AMERICANWEST BANK,UT,331511,24,1.0,0,0,1,0,N,N,325000.0,0.0,325000.0,269750.0
127,GLENWOOD,IA,51534,GLENWOOD STATE BANK,IA,235110,6,1.0,0,0,1,0,N,N,50000.0,0.0,50000.0,43500.0
128,SAN DIEGO,CA,92120,MUFG UNION BANK NATL ASSOC,CA,0,7,2.0,0,0,1,0,N,N,203400.0,0.0,203400.0,172890.0
129,HOUSTON,TX,77036,EAST WEST BANK,TX,451211,2,1.0,1,3,1,2,0,N,50000.0,0.0,50000.0,25000.0
130,EDMOND,OK,73013,"BANK SNB, NATIONAL ASSOCIATION",OK,621210,3,2.0,0,0,1,0,N,N,500000.0,0.0,500000.0,375000.0
131,SULPHUR SPRINGS,TX,75482,GE CAP. SMALL BUS. FINAN CORP,TX,0,6,2.0,5,0,1,0,0,N,260000.0,0.0,260000.0,195000.0
132,SANTA FE,NM,87501,BANK OF AMERICA NATL ASSOC,NM,0,12,1.0,0,0,1,0,N,N,180000.0,0.0,180000.0,153000.0
133,NEW ORLEANS,LA,70122,BANK OF AMERICA NATL ASSOC,NC,561990,3,1.0,0,3,0,1,Y,N,52489.0,0.0,35000.0,17500.0
134,NAPLES,FL,34108,INDEPENDENT DEVEL SERVICES COR,FL,0,2,1.0,8,0,1,2,N,N,283000.0,0.0,283000.0,283000.0
135,COLLEYVILLE,TX,76034,BANK OF AMERICA NATL ASSOC,NC,812199,10,2.0,0,10,0,1,T,N,10000.0,0.0,10000.0,5000.0
136,ST. LOUIS,MO,63145,BANK OF AMERICA NATL ASSOC,NC,0,20,2.0,0,0,1,0,N,Y,50000.0,0.0,50000.0,40000.0
137,LOMBARD,IL,60148,U.S. BANK NATIONAL ASSOCIATION,IL,0,4,1.0,0,0,1,0,N,Y,20000.0,0.0,20000.0,18000.0
138,CEDAR,MN,55011,U.S. BANK NATIONAL ASSOCIATION,OH,811111,1,1.0,0,1,1,1,Y,N,25000.0,0.0,25000.0,12500.0
139,POMPANO BEACH,FL,33064,AURORA BANK FSB,CO,532490,5,1.0,0,0,1,1,N,N,931500.0,0.0,931500.0,698625.0
140,NEBRASKA CITY,NE,68410,ARBOR BANK,NE,621310,2,2.0,0,0,1,0,N,Y,45000.0,0.0,45000.0,36000.0
141,SELKIRK,NY,12158,NATIONAL BANK OF COXSACKIE,NY,0,1,2.0,0,0,1,0,N,N,174000.0,0.0,204000.0,153000.0
142,BRADENTON,FL,34205,CAPITAL ONE NATL ASSOC,VA,323119,2,1.0,0,2,1,1,N,N,35000.0,0.0,35000.0,17500.0
143,STERLING,CO,80751,WELLS FARGO BANK NATL ASSOC,CO,235520,3,2.0,0,0,1,0,N,N,20000.0,0.0,20000.0,18000.0
144,DEL MAR,CA,92014,U.S. BANK NATIONAL ASSOCIATION,CA,313311,9,1.0,0,0,1,0,N,0,266500.0,0.0,270000.0,189000.0
145,GLASGOW,MT,59230,VALLEY BANK OF GLASGOW,MT,311612,6,1.0,0,0,1,2,0,Y,138500.0,0.0,138500.0,117725.0
146,TELFORD,PA,18969,REGIONS BANK,TN,422450,3,1.0,0,3,1,1,Y,N,283000.0,0.0,150000.0,75000.0
147,BROOKHAVEN,MS,39601,FIRST FINANCIAL BANK,AR,112320,2,1.0,0,0,1,0,N,N,75000.0,0.0,75000.0,60000.0
148,VERNAL,UT,84078,ZIONS FIRST NATIONAL BANK,UT,484220,1,2.0,0,1,1,1,0,N,25000.0,0.0,25000.0,12500.0
149,MIAMI,FL,33145,FIRST NIAGARA BANK NATL ASSOC,NY,517310,4,1.0,3,4,1,1,0,N,50000.0,0.0,50000.0,25000.0
150,FOXBORO,MA,2035,CITIZENS BANK NATL ASSOC,RI,621111,1,1.0,0,1,0,1,N,N,100000.0,0.0,100000.0,50000.0
151,MT. MORRIS,MI,48458,BANK OF AMERICA NATL ASSOC,MI,0,5,1.0,0,0,0,0,N,N,50000.0,0.0,50000.0,45000.0
152,ROSWELL,GA,30075,STATE BANK AND TRUST COMPANY,GA,812320,6,1.0,0,6,1,1,0,N,430000.0,0.0,430000.0,322500.0
153,PIKESVILLE,MD,21208,BBCN BANK,CA,514191,1,2.0,3,1,1,1,0,N,5000.0,0.0,5000.0,2500.0
154,RIPON,WI,54971,BMO HARRIS BK NATL ASSOC,IL,722410,2,1.0,0,0,1,0,N,Y,65625.0,0.0,65625.0,59063.0
155,CHICAGO,IL,60617,U.S. BANK NATIONAL ASSOCIATION,OH,423450,8,1.0,1,0,0,1,Y,N,10000.0,0.0,10000.0,5000.0
156,Ararat,VA,24053,SURREY BANK & TRUST,NC,484110,1,1.0,0,1,0,2,N,N,26200.0,0.0,28900.0,14450.0
157,LOCKWOOD,MO,65682,LIBERTY BANK,MO,0,1,1.0,0,0,1,0,N,Y,100000.0,0.0,100000.0,90000.0
158,SCOTTSDALE,AZ,85253,COMPASS BANK,AZ,0,3,2.0,0,0,1,0,N,N,40000.0,0.0,40000.0,36000.0
159,QUAKERTOWN,PA,18951,VALLEY NATIONAL BANK,NJ,611699,3,2.0,9,3,1,1,0,N,150900.0,0.0,195900.0,146925.0
160,WILLISTON,ND,58801,FIRST NATL BK & TR CO OF WILLI,ND,0,20,1.0,0,0,1,0,N,N,127500.0,0.0,127500.0,114750.0
161,LEXINGTON,MA,2421,CITIZENS BANK NATL ASSOC,RI,541512,5,1.0,1,6,0,1,N,N,4934.0,0.0,5000.0,2500.0
162,WEST JORDAN,UT,84084,ZIONS FIRST NATIONAL BANK,UT,484220,2,2.0,3,2,1,1,0,N,130000.0,0.0,130000.0,110500.0
163,RACINE,WI,53403,STEARNS BK NATL ASSOC,MN,0,10,1.0,0,0,21780,1,N,N,258300.0,0.0,258300.0,193725.0
164,OCEANSIDE,CA,92054,FIRST-CITIZENS BK & TR CO,NC,541430,1,1.0,0,1,1,1,0,N,602400.0,0.0,602400.0,451800.0
165,PARIS,IL,61944,FIRST NATL BK IN GEORGETOWN,IL,0,2,1.0,0,0,1,0,N,Y,70000.0,0.0,70000.0,56000.0
166,EL JEBEL,CO,81623,ALPINE BANK,CO,722211,6,2.0,0,0,1,2,0,Y,50000.0,0.0,50000.0,42500.0
167,PHILADELPHIA,PA,19140,CITIZENS BANK NATL ASSOC,RI,722110,5,1.0,0,5,1,1,N,N,25000.0,0.0,25000.0,12500.0
168,LEBANON,TN,37087,"SUPERIOR FINANCIAL GROUP, LLC",CA,621340,2,2.0,20,2,1,1,0,N,10000.0,0.0,10000.0,8500.0
169,BELMONT,NH,3220,BANK OF NEW HAMPSHIRE,NH,0,11,1.0,0,0,1,0,N,N,155000.0,0.0,155000.0,139500.0
170,LEVITTOWN,PA,19055,"TD BANK, NATIONAL ASSOCIATION",PA,812199,2,2.0,0,2,1,1,0,N,70000.0,0.0,70000.0,59500.0
171,TIPP CITY,OH,45371,JPMORGAN CHASE BANK NATL ASSOC,IL,621111,25,1.0,3,25,0,1,Y,N,60000.0,0.0,60000.0,30000.0
172,WEST DES MOINES,IA,50266,FIRST AMERICAN BANK,IA,621210,17,1.0,0,17,0,1,N,N,350000.0,0.0,350000.0,262500.0
173,VALPARAISO,IN,46383,JPMORGAN CHASE BANK NATL ASSOC,IL,235210,8,1.0,0,8,1,2,Y,N,30000.0,0.0,30000.0,15000.0
174,MONROE,MI,48161,JPMORGAN CHASE BANK NATL ASSOC,IL,447110,8,1.0,3,8,0,1,Y,N,71378.0,0.0,50000.0,25000.0
175,SOUTH SAN FRANCISCO,CA,94080,BANK OF AMERICA NATL ASSOC,NC,541810,1,1.0,2,1,1,1,Y,N,36000.0,0.0,36000.0,18000.0
176,WADSWORTH,OH,44281,THE HUNTINGTON NATIONAL BANK,OH,713950,1,2.0,0,0,1,1,N,N,290000.0,0.0,290000.0,217500.0
177,VIRGINIA BEACH,VA,23452,"READYCAP LENDING, LLC",CA,722211,3,1.0,0,3,37469,1,0,N,245000.0,0.0,245000.0,183750.0
178,UNION CITY,NJ,7087,BANK OF AMERICA NATL ASSOC,NC,453998,2,2.0,0,2,0,1,Y,N,14599.0,0.0,10000.0,5000.0
179,FRANKLIN,MI,48025,"FIRSTMERIT BANK, N.A.",OH,541612,2,2.0,23,2,38606,2,N,N,68000.0,0.0,68000.0,57800.0
180,FRESNO,CA,93727,BANK OF THE WEST,CA,0,2,1.0,0,2,1,0,0,N,225000.0,0.0,225000.0,168750.0
181,St. Augustine,FL,32258,COMPASS BANK,AL,621210,1,2.0,3,1,0,1,N,N,600800.0,0.0,600800.0,450600.0
182,GUEYDAN,LA,70542,VERMILION BANK & TRUST COMPANY,LA,115112,5,1.0,0,0,1,0,N,N,460000.0,0.0,460000.0,345000.0
183,RALEIGH,NC,27612,CAPITAL ONE NATL ASSOC,VA,711510,3,1.0,0,3,0,1,N,N,35000.0,0.0,35000.0,17500.0
184,MISSOULA,MT,59808,"COMMUNITY BANK, INC.",MT,541620,50,1.0,0,0,1,1,Y,N,200000.0,0.0,200000.0,150000.0
185,CABOT,AR,72023,ARKANSAS CAPITAL CORPORATION,AR,441310,7,1.0,0,0,1,2,N,N,339000.0,0.0,339000.0,254250.0
186,1530 CELEBRITY ROAD,IA,51050,IOWA STATE BANK,IA,235510,1,1.0,0,0,1,2,0,Y,90000.0,0.0,90000.0,76500.0
187,ALEXANDRIA,VA,22314,"PNC BANK, NATIONAL ASSOCIATION",DE,722211,4,2.0,2,6,43302,1,0,N,366500.0,0.0,366500.0,274875.0
188,MECHANICSVILLE,MD,20659,"PNC BANK, NATIONAL ASSOCIATION",MD,621210,5,2.0,0,0,1,0,,N,175000.0,0.0,175000.0,148750.0
189,RENTON,WA,98056,U.S. BANK NATIONAL ASSOCIATION,OH,236115,3,1.0,0,3,0,1,Y,N,92864.0,0.0,25000.0,12500.0
190,ST. CLAIRSVILLE,OH,43950,THE CITIZENS SAVINGS BANK,OH,0,5,1.0,0,0,1,0,N,Y,15000.0,0.0,15000.0,12000.0
191,MILWAUKEE,WI,53202,U.S. BANK NATIONAL ASSOCIATION,WI,0,6,1.0,0,0,1,0,N,N,25000.0,0.0,25000.0,20000.0
192,Redford,MI,48239,"PNC BANK, NATIONAL ASSOCIATION",DE,722211,35,1.0,15,20,0,2,T,N,19622.0,0.0,10500.0,5250.0
193,SOUTH ST. PAUL,MN,55075,SPEDCO,MN,524210,4,1.0,2,4,1,1,0,N,171000.0,0.0,171000.0,171000.0
194,PRAIRIE VILLAGE,KS,66208,"UMB BANK, NATIONAL ASSOCIATION",MO,323122,4,1.0,0,0,1,0,N,N,31347.0,0.0,32000.0,28800.0
195,PEARLAND,TX,77581,"BUSINESS LOAN CENTER, LLC",SC,0,1,2.0,0,0,1,0,N,N,450000.0,0.0,450000.0,337500.0
196,Carroll,OH,43112,THE HUNTINGTON NATIONAL BANK,OH,561720,0,2.0,0,0,0,2,Y,N,25000.0,0.0,25000.0,12500.0
197,NEW YORK,NY,10001,JPMORGAN CHASE BANK NATL ASSOC,IL,541430,1,2.0,0,0,1,0,0,N,20000.0,0.0,20000.0,10000.0
198,Randolph,NJ,7869,"CITIBANK, N.A.",SD,423120,35,1.0,15,35,0,1,Y,N,4500000.0,0.0,4500000.0,4050000.0
199,MISHAWAKA,IN,46545,"FIRSTMERIT BANK, N.A.",MI,812310,100,1.0,0,0,1,1,N,N,1490000.0,0.0,2000000.0,1000000.0
200,PROVO,UT,84604,MOUNTAIN W. SMALL BUS. FINAN,UT,0,3,1.0,3,3,1,1,N,N,68000.0,0.0,68000.0,68000.0
201,DALLAS,TX,75248,BANK OF AMERICA NATL ASSOC,NC,448140,2,1.0,1,2,1,1,Y,N,10000.0,0.0,10000.0,5000.0
202,ATLANTA,GA,30346,BANK OF AMERICA NATL ASSOC,NC,541110,12,1.0,1,12,0,1,Y,N,76279.0,0.0,50000.0,25000.0
203,West Palm Beach,FL,33404,CAPITAL ONE NATL ASSOC,VA,484210,12,1.0,0,0,1,1,N,N,50000.0,0.0,50000.0,25000.0
204,MAYWOOD,CA,90270,EAST WEST BANK,CA,621210,5,1.0,0,5,1,1,0,N,240000.0,0.0,240000.0,180000.0
205,AUSTIN,TX,78723,"SOUTHWEST SECURITIES, FSB",TX,812210,2,1.0,2,5,1,1,0,N,40000.0,0.0,40000.0,34000.0
206,Lewisburg,PA,17837,MANUFACTURERS & TRADERS TR CO,MD,541512,1,1.0,0,1,0,1,Y,N,50347.0,0.0,25000.0,12500.0
207,ROCK VALLEY,IA,51247,PEOPLES BANK,IA,112990,3,1.0,0,0,1,2,0,Y,19000.0,0.0,19000.0,16150.0
208,TOWNSEND,DE,19734,"PNC BANK, NATIONAL ASSOCIATION",DE,238990,1,1.0,0,1,1,2,0,N,16900.0,0.0,16900.0,8450.0
209,PHOENIX,AZ,85040,WELLS FARGO BANK NATL ASSOC,AZ,0,2,1.0,0,0,0,0,N,N,95750.0,0.0,95750.0,86175.0
210,SUNNYVALE,CA,94086,INNOVATIVE BANK,CA,0,6,2.0,0,0,1,0,N,N,154000.0,0.0,154000.0,138600.0
211,DEPEW,NY,14043,NEW YORK BUS. DEVEL CORP,NY,0,22,1.0,0,0,1,0,N,N,650000.0,0.0,650000.0,520000.0
212,OTTUMWA,IA,52501,SOUTH OTTUMWA SAVINGS BANK,IA,444220,6,2.0,0,0,1,1,0,Y,101000.0,0.0,101000.0,85850.0
213,POWELL,WY,82420,BANK OF BRIDGER NATL ASSOC,MT,235210,3,2.0,4,3,1,2,Y,N,62216.0,0.0,45000.0,22500.0
214,LAS VEGAS,NV,89146,U.S. BANK NATIONAL ASSOCIATION,OH,722110,4,1.0,7,11,1,1,Y,N,10000.0,0.0,25000.0,12500.0
215,SAN DIEGO,CA,92126,CDC SMALL BUS. FINAN CORP,CA,421690,235,1.0,32,10,0,0,N,N,723000.0,0.0,723000.0,723000.0
216,EXCELSIOR,MN,55331,TWIN CITIES-METRO CERT. DEVEL,MN,621310,20,1.0,4,20,1,1,0,N,571000.0,0.0,571000.0,571000.0
217,JACKSONVILLE,TX,75766,"FIRST WESTERN SBLC, INC",TX,0,4,1.0,0,0,1,0,0,N,424000.0,0.0,424000.0,318000.0
218,ELIOT,ME,3903,KENNEBUNK SAVINGS BANK,ME,422460,6,1.0,0,0,1,0,N,N,213000.0,0.0,213000.0,181050.0
219,SAN JOSE,CA,95112,BANK OF AMERICA CALIFORNIA N.A,CA,422420,8,1.0,0,0,1,0,0,N,300000.0,0.0,300000.0,225000.0
220,ROGERS,AR,72756,ARVEST BANK,AR,422440,1,2.0,0,0,1,0,N,N,400000.0,0.0,400000.0,360000.0
221,MAPLESVILLE,AL,36750,SOUTHCREST BANK NATL ASSOC,AL,444130,5,1.0,0,0,1,0,N,Y,100000.0,0.0,100000.0,80000.0
222,ARCADIA,CA,91006,PACIFIC WESTERN BANK,CA,811111,5,1.0,5,5,1,1,0,N,332100.0,0.0,332100.0,249075.0
223,FOUNTAIN HILLS,AZ,85268,"BUSINESS LENDERS, LLC",CT,561439,2,2.0,0,0,1,2,N,N,70000.0,0.0,70000.0,59500.0
224,INDIALANTIC,FL,32903,"TD BANK, NATIONAL ASSOCIATION",FL,541330,11,1.0,0,0,1,1,N,N,261374.0,0.0,320000.0,240000.0
225,CLEARFIELD,UT,84015,ZIONS FIRST NATIONAL BANK,UT,541219,1,1.0,0,1,1,2,Y,N,50000.0,0.0,50000.0,25000.0
226,DENVER,CO,80227,U.S. BANK NATIONAL ASSOCIATION,OH,522310,1,1.0,0,1,0,1,Y,N,145671.0,0.0,50000.0,25000.0
227,DRAPER,UT,84020,FIRST UTAH BANK,UT,0,10,2.0,0,0,91999,1,0,Y,92000.0,0.0,150000.0,112500.0
228,CARY,IL,60013,U.S. BANK NATIONAL ASSOCIATION,OH,722211,15,1.0,0,15,1,1,Y,N,24993.0,0.0,20000.0,10000.0
229,LANCASTER,TX,75134,BANK OF AMERICA NATL ASSOC,NC,484110,8,1.0,2,8,0,1,Y,N,72605.0,0.0,50000.0,25000.0
230,NAPERVILLE,IL,60564,U.S. BANK NATIONAL ASSOCIATION,IL,812320,3,1.0,0,0,1,0,N,N,124500.0,0.0,124500.0,112050.0
231,CINCINNATI,OH,45223,HAMILTON CNTY DEVEL COMPANY IN,OH,541430,18,1.0,6,12,1,0,N,N,178000.0,0.0,178000.0,178000.0
232,PROVIDENCE,RI,2904,BANK RHODE ISLAND,RI,722110,60,1.0,0,0,0,1,N,N,115000.0,0.0,115000.0,57500.0
233,BELLINGHAM,WA,98229,U.S. BANK NATIONAL ASSOCIATION,OH,722211,15,1.0,2,17,0,1,Y,N,73903.0,0.0,35000.0,17500.0
234,HARTFORD,CT,6106,BANK OF AMERICA NATL ASSOC,RI,492210,1,1.0,1,2,1,1,Y,N,25000.0,0.0,25000.0,12500.0
235,GADSDEN,AL,35901,WELLS FARGO BANK NATL ASSOC,AL,0,25,1.0,0,0,1,0,N,N,300000.0,0.0,300000.0,255000.0
236,RICHMOND,MO,64085,UNION BANK,MO,485410,30,1.0,0,0,1,0,N,N,610000.0,0.0,610000.0,457500.0
237,ALBUQUERQUE,NM,87110,WELLS FARGO BANK NATL ASSOC,SD,238210,3,1.0,0,3,1,1,Y,N,131524.0,0.0,30000.0,15000.0
238,CORVALLIS,OR,97330,FIRST-CITIZENS BK & TR CO,CO,713940,3,2.0,3,0,48450,1,0,N,144000.0,0.0,144000.0,122400.0
239,CARRINGTON,ND,58421,BREMER BANK NATL ASSOC,ND,0,3,1.0,0,0,1,0,N,Y,50000.0,0.0,50000.0,45000.0
240,MONTEREY,CA,93940,WELLS FARGO BANK NATL ASSOC,SD,0,5,1.0,0,0,1,0,N,N,335000.0,0.0,335000.0,209710.0
241,KEIZER,OR,97303,BANK OF AMERICA NATL ASSOC,OR,0,6,1.0,0,0,1,0,Y,N,45287.0,0.0,30000.0,15000.0
242,KENAI,AK,99611,UMPQUA BANK,OR,713990,2,2.0,0,2,0,2,N,N,25000.0,0.0,25000.0,21250.0
243,LOS ANGELES,CA,90057,"CITIBANK, N.A.",SD,621210,12,1.0,0,0,1,0,N,N,450000.0,0.0,450000.0,360000.0
244,ROCHESTER,NY,14623,CITIZENS BANK NATL ASSOC,RI,451110,2,1.0,0,2,0,1,N,N,508.0,0.0,1000.0,500.0
245,LAS VEGAS,NV,89101,WELLS FARGO BANK NATL ASSOC,SD,518210,3,1.0,1,3,0,1,N,N,200000.0,0.0,200000.0,180000.0
246,LANSDALE,PA,19446,"PNC BANK, NATIONAL ASSOCIATION",DE,441120,3,1.0,0,3,1,1,T,N,37676.0,0.0,25000.0,12500.0
247,CHESTERFIELD,MO,63017,THE BANK OF EDWARDSVILLE,IL,0,19,2.0,0,0,1,0,N,Y,100000.0,0.0,100000.0,80000.0
248,BEAUFORT,NC,28516,WELLS FARGO BANK NATL ASSOC,NC,0,1,2.0,6,6,81613,1,0,N,81200.0,0.0,81200.0,40600.0
249,MANASSAS,VA,20109,THE FAUQUIER BANK,VA,334111,40,1.0,0,0,1,2,N,N,500000.0,0.0,500000.0,375000.0
250,SAINT LOUIS,MO,63132,BBCN BANK,CA,524128,3,1.0,3,3,1,1,0,N,5000.0,0.0,5000.0,4250.0
251,CINCINNATI,OH,45226,U.S. BANK NATIONAL ASSOCIATION,OH,811490,5,1.0,0,5,0,1,Y,N,10747.0,0.0,10000.0,5000.0
252,ALACHUA,FL,32615,BANK OF AMERICA NATL ASSOC,NC,448190,4,1.0,0,4,1,1,Y,N,15000.0,0.0,15000.0,7500.0
253,PITTSBURGH,PA,15206,"PNC BANK, NATIONAL ASSOCIATION",DE,0,3,1.0,0,0,78760,0,0,N,69000.0,0.0,69000.0,34500.0
254,BUCKHANNON,WV,26201,GE CAP. SMALL BUS. FINAN CORP,TX,441120,3,2.0,0,0,1,0,N,N,494000.0,0.0,494000.0,370500.0
255,BURBANK,IL,60459,BMO HARRIS BK NATL ASSOC,IL,0,2,2.0,0,0,1,0,N,Y,53000.0,0.0,53000.0,42400.0
256,ENCINITAS,CA,92024,CALIFORNIA BANK & TRUST,CA,442210,5,1.0,0,0,1,0,N,N,398000.0,0.0,398000.0,298500.0
257,LOS ANGELES,CA,90038,U.S. BANK NATIONAL ASSOCIATION,OH,512110,2,1.0,0,2,1,1,0,N,300300.0,0.0,395000.0,221748.0
258,SPRING,TX,77373,BANCO POPULAR NORTH AMERICA,TX,454210,1,2.0,0,0,1,1,0,N,10000.0,0.0,10000.0,5000.0
259,LANHAM,MD,20706,INNOVATIVE BANK,CA,541513,4,1.0,1,4,1,0,0,N,25000.0,0.0,25000.0,21250.0
260,ORLANDO,FL,32837,"READYCAP LENDING, LLC",CA,621111,15,1.0,0,0,1,1,N,N,1360000.0,0.0,1360000.0,1020000.0
261,ROCHESTER,NH,3867,BANK OF AMERICA NATL ASSOC,NH,441110,3,1.0,1,4,1,1,Y,N,37800.0,0.0,10000.0,5000.0
262,LOS GATOS,CA,95030,GOVERMNET FUNDING CALBIDCO,CA,334513,60,1.0,0,0,0,0,N,N,155000.0,0.0,155000.0,139500.0
263,FREEHOLD,NJ,7728,BANK OF AMERICA NATL ASSOC,RI,485320,10,1.0,10,20,1,1,Y,N,138846.0,0.0,67800.0,33900.0
264,VAN BUREN,AR,72956,SIX BRIDGES CAP. CORP,AR,0,13,2.0,13,0,1,0,N,N,441000.0,0.0,442000.0,442000.0
265,LAKEWOOD CENTER (CENSUS NAME L,WA,98498,U.S. BANK NATIONAL ASSOCIATION,OH,561740,1,1.0,0,1,1,1,T,N,37471.0,0.0,25000.0,12500.0
266,BRANSON,MO,65616,COMMERCE BANK,MO,621111,4,2.0,0,0,1,2,0,Y,137640.0,0.0,137640.0,116994.0
267,SAINT LOUIS,MO,63113,U.S. BANK NATIONAL ASSOCIATION,OH,561990,1,1.0,3,4,0,1,Y,N,41383.0,0.0,35000.0,17500.0
268,SAN FRANCISCO,CA,94110,WELLS FARGO BANK NATL ASSOC,SD,339112,1,1.0,0,1,1,1,0,N,20000.0,0.0,20000.0,10000.0
269,BEARDSLEY,MN,56211,UNION STATE BANK,MN,0,2,1.0,0,0,1,0,N,Y,30000.0,0.0,30000.0,24000.0
270,JEFFERSON CITY,MO,65109,JEFFERSON BANK OF MISSOURI,MO,238110,6,1.0,0,6,1,1,0,N,90000.0,0.0,90000.0,45000.0
271,HENDERSON,NV,89074,COMMUNITY BANK OF NEVADA,NV,446191,2,2.0,0,0,1,1,0,Y,104948.0,0.0,105000.0,89250.0
272,LEECHBURG,PA,15656,"PNC BANK, NATIONAL ASSOCIATION",DE,212393,3,1.0,0,0,1,2,T,N,178400.0,0.0,75000.0,37500.0
273,LAMBERTVILLE,MI,48144,"PNC BANK, NATIONAL ASSOCIATION",IL,621310,1,2.0,2,1,1,1,0,N,51000.0,0.0,51000.0,25500.0
274,RICHMOND,TX,77469,BANK OF AMERICA NATL ASSOC,NC,713990,1,1.0,0,1,1,2,Y,N,25000.0,0.0,25000.0,12500.0
275,BLANCHARDVILLE,WI,53516,WOODFORD STATE BANK,WI,0,1,2.0,0,0,1,0,N,Y,15750.0,0.0,15750.0,12600.0
276,TEMPE,AZ,85281,WELLS FARGO BANK NATL ASSOC,SD,0,60,1.0,0,0,1,0,0,N,182000.0,0.0,182000.0,136500.0
277,Brownsville,TX,78521,UMPQUA BANK,OR,484121,1,1.0,3,1,0,1,N,N,25000.0,0.0,25000.0,21250.0
278,YUMA,AZ,85364,NATIONAL BANK OF ARIZONA,AZ,0,2,1.0,0,0,1,0,N,Y,51500.0,0.0,51500.0,44290.0
279,GOLD BEACH,OR,97444,PACIFIC CONTINENTAL BANK,OR,444130,2,2.0,0,0,1,0,N,N,227500.0,0.0,227500.0,170625.0
280,KANSAS CITY,MO,64120,U.S. BANK NATIONAL ASSOCIATION,KS,0,18,2.0,0,0,0,0,N,N,150000.0,0.0,150000.0,135000.0
281,TEXICO,NM,88135,U.S. BANK NATIONAL ASSOCIATION,NM,484230,2,1.0,0,0,1,2,0,Y,17500.0,0.0,17500.0,14875.0
282,San Diego,CA,92109,HANMI BANK,CA,812320,6,1.0,0,6,0,1,N,N,55000.0,0.0,55000.0,49500.0
283,MANGONIA PARK,FL,33407,"BUSINESS LOAN CENTER, LLC",SC,0,24,1.0,0,0,1,0,N,N,580000.0,0.0,580000.0,435000.0
284,DENVER,CO,80239,"READYCAP LENDING, LLC",CA,493110,67,1.0,0,67,1,1,0,N,1194000.0,0.0,1194000.0,895500.0
285,AGUA DULCE,CA,91350,CALIFORNIA BANK & TRUST,CA,112920,3,1.0,0,0,1,0,N,N,165000.0,0.0,165000.0,140250.0
286,PURCELLVILLE,VA,20132,ACCESS NATIONAL BANK,VA,531120,40,1.0,0,40,0,2,N,N,1500000.0,0.0,1500000.0,1350000.0
287,DALLAS,TX,75206,"FIRST WESTERN SBLC, INC",TX,722211,2,2.0,10,2,1,1,0,N,150000.0,0.0,150000.0,127500.0
288,LAKE WORTH,FL,33467,BRANCH BK. & TR CO,NC,488330,3,1.0,1,0,0,1,Y,N,101072.0,0.0,35000.0,17500.0
289,HOUSTON,TX,77021,REGIONS BANK,TX,0,9,1.0,0,0,0,0,N,N,150000.0,0.0,150000.0,127500.0
290,NORCROSS,GA,30071,BANK OF NO. GEORGIA A DIVISION,GA,333415,35,1.0,0,35,1,1,0,N,515000.0,0.0,515000.0,386250.0
291,HIALEAH,FL,33016,CALIFORNIA BANK & TRUST,CA,522310,2,1.0,0,2,1,1,0,N,50000.0,0.0,50000.0,25000.0
292,APPLETON,WI,54915,U.S. BANK NATIONAL ASSOCIATION,OH,0,52,1.0,0,0,1,0,N,N,750000.0,0.0,750000.0,600000.0
293,PLANTATION,FL,33324,BANK OF AMERICA NATL ASSOC,NC,333319,1,1.0,0,1,1,1,Y,N,100000.0,0.0,50000.0,25000.0
294,CANTON,OH,44720,U.S. BANK NATIONAL ASSOCIATION,OH,812320,6,1.0,0,6,0,1,Y,N,50009.0,0.0,50000.0,25000.0
295,Upper Marlboro (Marlboro),MD,20772,WELLS FARGO BANK NATL ASSOC,SD,0,10,1.0,0,0,1,0,0,N,25000.0,0.0,25000.0,12500.0
296,COLO,IA,50122,STATE BANK & TRUST CO.,IA,445110,9,1.0,0,0,1,2,0,Y,100000.0,0.0,100000.0,85000.0
297,DOVER,NH,3820,CENTRIX BANK & TRUST,NH,811212,25,1.0,5,30,0,2,N,N,200000.0,0.0,200000.0,100000.0
298,RIVER EDGE,NJ,7661,BBCN BANK,CA,452990,2,2.0,0,2,0,1,N,N,25000.0,0.0,25000.0,21250.0
299,WEST CHESTER,PA,19382,"PNC BANK, NATIONAL ASSOCIATION",DE,236210,4,1.0,2,6,1,2,Y,N,480000.0,0.0,200000.0,100000.0
300,PORTER,TX,77365,JPMORGAN CHASE BANK NATL ASSOC,IL,339114,5,1.0,0,0,1,0,N,Y,90000.0,0.0,90000.0,81000.0
301,THOUSAND OAKS,CA,91362,"CITIBANK, N.A.",SD,541940,7,2.0,0,0,1,0,0,N,187500.0,0.0,187500.0,140625.0
302,LOS ANGELES,CA,90037,BBCN BANK,CA,446120,2,1.0,4,2,1,1,0,N,5000.0,0.0,5000.0,4250.0
303,ASHLAND,MA,1721,MIDDLESEX SAVINGS BANK,MA,0,15,1.0,0,0,1,0,0,Y,100000.0,0.0,100000.0,80000.0
304,PENINSULA,OH,44264,THE HUNTINGTON NATIONAL BANK,OH,0,3,1.0,0,0,1,0,N,N,150000.0,0.0,150000.0,112500.0
305,TINLEY PARK,IL,60477,FIRST MERCHANTS BANK NATL ASSO,IN,722211,10,1.0,0,0,68020,1,0,Y,85680.0,0.0,85680.0,72828.0
306,JONESBORO,GA,30236,BRANCH BK. & TR CO,NC,448130,2,2.0,3,5,65160,1,0,N,105000.0,0.0,105000.0,89250.0
307,KENT,WA,98031,EVERGREEN BUSINESS CAPITAL,WA,336399,135,1.0,5,0,1,1,0,N,1500000.0,0.0,1500000.0,1500000.0
308,GREAT FALLS,MT,59401,MOUNTAIN W. BANK NATL ASSOC,MT,0,15,2.0,0,0,1,0,N,N,177300.0,0.0,200000.0,150000.0
309,SIOUX FALLS,SD,57105,WELLS FARGO BANK NATL ASSOC,SD,0,2,1.0,0,0,64200,0,N,N,65000.0,0.0,65000.0,58500.0
310,BIRMINGHAM,AL,35218,WELLS FARGO BANK NATL ASSOC,SD,621210,4,2.0,0,0,0,0,N,N,55000.0,0.0,55000.0,49500.0
311,WESTMINSTER,MD,21157,MID-ATLANTIC BUS. FINAN CO,MD,0,56,1.0,40,16,1,0,N,N,397000.0,0.0,397000.0,397000.0
312,TULSA,OK,74135,VERD-ARK-CA DEVEL CORP,OK,0,29,1.0,7,22,1,0,N,N,252000.0,0.0,252000.0,252000.0
313,ANDOVER,MA,1810,CITIZENS BANK NATL ASSOC,RI,541199,10,1.0,0,10,1,1,Y,N,54544.0,0.0,25000.0,12500.0
314,PFLUGERVILLE,TX,78660,CAPITAL CERT. DEVEL CORP,TX,811121,6,1.0,6,0,1,0,N,N,199000.0,0.0,199000.0,199000.0
315,MINNETONKA,MN,55305,FIRST MINNETONKA CITY BANK,MN,311423,2,1.0,0,0,1,1,0,Y,68760.0,0.0,75000.0,63750.0
316,YORKTOWN,VA,23606,SUNTRUST BANK,GA,0,9,2.0,0,0,1,0,N,N,135000.0,0.0,150000.0,135000.0
317,BOISE,ID,83713,WELLS FARGO BANK NATL ASSOC,SD,334111,9,1.0,0,0,1,0,0,Y,50000.0,0.0,50000.0,40000.0
318,BETHESDA,MD,20814,"PNC BANK, NATIONAL ASSOCIATION",MD,621210,5,2.0,0,0,1,0,N,Y,100000.0,0.0,100000.0,80000.0
319,FLORISSANT,MO,63034,BANK OF AMERICA NATL ASSOC,NC,561720,7,1.0,1,7,0,1,Y,N,6000.0,0.0,6000.0,3000.0
320,MIAMI,FL,33127,CAPITAL ONE NATL ASSOC,VA,448120,2,1.0,0,2,1,1,0,N,50000.0,0.0,50000.0,25000.0
321,QUAIL VALLEY,CA,92587,CALIFORNIA BANK & TRUST,CA,234910,15,1.0,0,15,1,1,Y,N,100000.0,0.0,100000.0,50000.0
322,St. George,UT,84790,NEVADA STATE BANK,NV,525920,2,2.0,0,2,0,1,Y,N,25000.0,0.0,25000.0,12500.0
323,EAST ORANGE,NJ,7050,"PNC BANK, NATIONAL ASSOCIATION",DE,0,1,2.0,0,1,1,1,0,N,50000.0,0.0,60000.0,30000.0
324,JAMESTOWN (NATIONAL HISTORICAL,VA,23185,"BUSINESS LOAN CENTER, LLC",SC,721110,2,1.0,0,2,1,1,0,N,400000.0,0.0,400000.0,300000.0
325,ERLANGER,KY,41018,FIFTH THIRD BANK,OH,0,21,1.0,0,0,78950,0,N,N,495000.0,0.0,495000.0,371250.0
326,EDDYVILLE,KY,42038,BRANCH BK. & TR CO,KY,0,1,1.0,0,0,1,0,N,Y,20000.0,0.0,20000.0,16000.0
327,KNOXVILLE,TN,37902,BRANCH BK. & TR CO,TN,0,18,1.0,0,0,1,0,N,Y,96757.0,0.0,96757.0,72568.0
328,PORTLAND,ME,4102,NORWAY SAVINGS BANK,ME,423310,2,1.0,1,2,1,1,0,N,18900.0,0.0,18900.0,9450.0
329,HARTSELLE,AL,35640,REGIONS BANK,AL,235420,3,1.0,0,0,1,0,N,N,50000.0,0.0,50000.0,45000.0
330,ORLANDO,FL,32811,BANCO POPULAR NORTH AMERICA,NY,722211,2,1.0,4,6,1,1,0,N,400000.0,0.0,400000.0,300000.0
331,LAREDO,TX,78043,COMMERCE BANK,TX,234110,48,1.0,0,0,1,1,N,N,1000000.0,0.0,1000000.0,750000.0
332,TOMBALL,TX,77375,CAPITAL ONE NATL ASSOC,VA,621111,1,1.0,1,1,0,1,N,N,25000.0,0.0,25000.0,12500.0
333,FRASER,CO,80442,WELLS FARGO BANK NATL ASSOC,SD,236115,2,1.0,0,2,1,2,Y,N,97415.0,0.0,20000.0,10000.0
334,LOS ANGELES,CA,90021,BBCN BANK,CA,448190,2,1.0,1,3,0,1,N,N,15000.0,0.0,15000.0,13500.0
335,NORVELT,PA,15674,CITIZENS BANK OF PENNSYLVANIA,PA,722211,5,1.0,0,5,1,1,0,N,30000.0,0.0,30000.0,15000.0
336,Austin,TX,78703,PLAINSCAPITAL BANK,TX,541320,11,2.0,5,11,0,1,N,N,450000.0,0.0,450000.0,337500.0
337,PORTLAND,OR,97266,EVERGREEN BUSINESS CAPITAL,WA,713110,46,1.0,6,40,1,0,N,N,750000.0,0.0,750000.0,750000.0
338,DEVILS LAKE,ND,58301,HORIZON FINANCIAL BANK,ND,0,12,1.0,0,0,1,0,N,Y,45000.0,0.0,45000.0,36000.0
339,MERRIMACK,NH,3054,BANK OF NEW ENGLAND,NH,722211,10,1.0,0,0,1,1,N,N,150000.0,0.0,150000.0,127500.0
340,ELMIRA HEIGHTS,NY,14903,COMMUNITY BANK NATL ASSOC,NY,0,2,2.0,0,0,0,0,N,N,40000.0,0.0,40000.0,36000.0
341,CYPRESS,CA,90630,CALIFORNIA UNITED BANK,CA,484110,1,1.0,0,1,1,1,Y,N,34000.0,0.0,34000.0,17000.0
342,COLUMBUS,OH,43213,KEYBANK NATIONAL ASSOCIATION,OH,0,2,1.0,0,0,1,0,N,N,280000.0,0.0,280000.0,210000.0
343,HENDERSON,NV,89015,SOUTHERN NEVADA CERT. DEVEL CO,NV,235110,16,1.0,16,0,1,1,N,N,157000.0,0.0,157000.0,157000.0
344,LAKE GEORGE,NY,12845,"TD BANK, NATIONAL ASSOCIATION",DE,721110,3,1.0,0,3,1,1,0,N,96000.0,0.0,96000.0,81600.0
345,JAMAICA,NY,11432,JPMORGAN CHASE BANK NATL ASSOC,IL,446120,6,1.0,0,6,0,1,Y,N,134150.0,0.0,45000.0,22500.0
346,EVANSTON,IL,60201,"READYCAP LENDING, LLC",CA,0,20,1.0,0,0,1,0,0,N,180000.0,0.0,180000.0,135000.0
347,SAN DIEGO,CA,92121,WELLS FARGO BANK NATL ASSOC,SD,531390,4,2.0,2,4,0,1,N,N,400000.0,0.0,400000.0,300000.0
348,SOUTH BURLINGTON,VT,5403,"TD BANK, NATIONAL ASSOCIATION",VT,0,8,1.0,0,0,0,0,N,N,150000.0,0.0,150000.0,112500.0
349,HELENA,MT,59601,MOUNTAIN W. BANK NATL ASSOC,MT,454312,10,1.0,0,10,1,2,0,N,425000.0,0.0,425000.0,318750.0
350,POMPANO BEACH,FL,33060,"SUPERIOR FINANCIAL GROUP, LLC",CA,236220,2,1.0,1,2,0,1,N,N,7500.0,0.0,7500.0,6750.0
351,SARASOTA,FL,34239,FIFTH THIRD BANK,FL,621210,3,1.0,0,0,1,0,N,N,45000.0,0.0,45000.0,36900.0
352,BLAINE,MN,55449,COMMUNITY PRIDE BANK,MN,327993,2,2.0,1,2,1,1,Y,N,30000.0,0.0,30000.0,15000.0
353,LAS VEGAS,NV,89148,NEVADA STATE BANK,NV,0,1,1.0,1,2,1,1,0,N,135000.0,0.0,135000.0,101250.0
354,CHATTANOOGA,TN,37407,"BRIGHTBRIDGE, INC.",TN,238150,6,1.0,2,6,1,1,0,N,52000.0,0.0,52000.0,52000.0
355,TISHOMINGO,OK,73460,BANCFIRST,OK,0,4,1.0,0,0,1,0,N,Y,67500.0,0.0,67500.0,60750.0
356,MIDDLETOWN,RI,2842,CITIZENS BANK NATL ASSOC,RI,524210,1,1.0,1,1,1,1,Y,N,54851.0,0.0,35000.0,17500.0
357,W SENECA,NY,14224,MANUFACTURERS & TRADERS TR CO,NY,0,1,2.0,0,0,1,0,N,Y,60000.0,0.0,60000.0,54000.0
358,SUSSEX,NJ,7461,BANK OF AMERICA NATL ASSOC,RI,237310,3,1.0,0,0,1,1,Y,N,45000.0,0.0,45000.0,22500.0
359,NEW BEDFORD,MA,2745,CITIZENS BANK NATL ASSOC,RI,447110,5,1.0,0,5,1,1,0,N,40000.0,0.0,40000.0,20000.0
360,SUDBURY (RR NAME SOUTH SUDBURY,MA,1776,BANK OF AMERICA NATL ASSOC,NC,541613,2,1.0,1,2,1,1,Y,N,109390.0,0.0,55000.0,27500.0
361,MICHIGAN CITY,IN,46360,KEYBANK NATIONAL ASSOCIATION,OH,0,2,1.0,0,0,0,0,N,N,30000.0,0.0,30000.0,27000.0
362,DETROIT,MI,48214,BBCN BANK,CA,444110,1,1.0,0,1,1,0,0,N,5000.0,0.0,5000.0,4250.0
363,WATAUGA,TX,76148,U.S. BANK NATIONAL ASSOCIATION,OH,0,1,2.0,0,0,1,0,0,N,123000.0,0.0,123000.0,92250.0
364,LAGUNA BEACH,CA,92651,COMERICA BANK,CA,446110,2,1.0,0,0,1,0,N,N,100000.0,0.0,100000.0,90000.0
365,MIAMI,FL,33189,BANK OF AMERICA NATL ASSOC,NC,424460,1,1.0,0,1,0,1,N,N,50000.0,0.0,30000.0,15000.0
366,SANTA MONICA,CA,90405,COMMERCIAL BANK OF CALIFORNIA,CA,451110,39,2.0,20,19,1,1,0,N,350000.0,0.0,350000.0,262500.0
367,ROCHESTER,NY,14612,BANK OF AMERICA NATL ASSOC,NY,722410,3,1.0,0,0,0,0,N,N,75000.0,0.0,75000.0,63750.0
368,CAMBRIDGE,MN,55008,LANDMARK COMMUN BANK NATL ASSO,MN,611691,7,1.0,5,1,79902,2,0,N,245000.0,0.0,245000.0,183750.0
369,BELLINGHAM,WA,98229,PEOPLES BANK,WA,335121,20,1.0,2,20,1,1,Y,N,308920.0,0.0,125000.0,62500.0
370,MERIDIAN,ID,83642,MOUNTAIN W. BANK A DIVISION OF,ID,621210,4,2.0,0,0,1,1,N,N,500000.0,0.0,500000.0,375000.0
371,LAFAYETTE,LA,70508,WHITNEY BANK,MS,0,2,2.0,0,0,1,0,N,Y,7500.0,0.0,7500.0,6750.0
372,SAN FRANCISCO,CA,94107,FIRST BANK,MO,0,2,2.0,0,0,1,0,N,Y,30000.0,0.0,30000.0,27000.0
373,HYANNIS,MA,2061,SOUTH EASTERN ECONOMIC DEVEL C,MA,0,5,1.0,5,0,1,0,N,N,275000.0,0.0,275000.0,275000.0
374,GRAND ISLAND,NE,68803,FIVE POINTS BANK,NE,0,3,2.0,0,0,1,0,0,Y,25000.0,0.0,25000.0,20000.0
375,WHEELERSBURG,OH,45694,HAMILTON CNTY DEVEL COMPANY IN,OH,713120,1,2.0,2,0,1,2,N,N,276000.0,0.0,279000.0,279000.0
376,INGLEWOOD,CA,90303,BBCN BANK,CA,0,4,1.0,0,0,1,0,0,N,90000.0,0.0,90000.0,72000.0
377,WATERFORD,OH,45786,THE HUNTINGTON NATIONAL BANK,OH,238220,2,1.0,0,2,1,2,Y,N,150919.0,0.0,60000.0,30000.0
378,MILWAUKEE,WI,53226,SECURANT BANK & TRUST,WI,541110,5,2.0,0,0,1,0,0,Y,100000.0,0.0,100000.0,80000.0
379,Coshocton,OH,43812,CAPITAL ONE NATL ASSOC,VA,331492,2,1.0,0,0,1,2,N,N,25000.0,0.0,25000.0,12500.0
380,SAN DIEGO,CA,92107,U.S. BANK NATIONAL ASSOCIATION,OH,234110,6,1.0,0,0,0,0,N,N,467000.0,0.0,467000.0,350250.0
381,CHILLICOTHE,MO,64601,"MO-KAN DEVELOPMENT, INC.",MO,0,15,1.0,15,0,79140,0,N,N,439000.0,0.0,439000.0,439000.0
382,COLLEYVILLE,TX,76034,WELLS FARGO BANK NATL ASSOC,SD,0,15,1.0,0,0,1,0,N,N,210000.0,0.0,220000.0,176000.0
383,LAGUNA BEACH,CA,92677,COMMUNITY W. BANK NATL ASSOC,CA,0,1,1.0,0,1,1,1,0,N,170000.0,0.0,170000.0,127500.0
384,BRENTWOOD,TN,37024,BBCN BANK,CA,561310,4,1.0,1,4,1,1,0,N,5000.0,0.0,5000.0,4250.0
385,WAUWATOSA,WI,53213,U.S. BANK NATIONAL ASSOCIATION,WI,0,15,1.0,0,0,1,0,N,N,85000.0,0.0,85000.0,76500.0
386,NEWMARKET (CENSUS NAME FOR NEW,NH,3857,GRANITE ST. ECONOMIC DEVEL COR,NH,711110,1,2.0,15,0,1,1,0,N,182000.0,0.0,182000.0,182000.0
387,MAPLEWOOD,MN,55119,FIRST CITIZENS NATIONAL BANK,IA,0,29,1.0,0,0,21780,0,N,N,250000.0,0.0,250000.0,200000.0
388,CENTER,CO,81154,WELLS FARGO BANK NATL ASSOC,SD,0,52,2.0,0,0,1,0,0,N,1000000.0,0.0,1000000.0,750000.0
389,DALLAS,TX,75247,JPMORGAN CHASE BANK NATL ASSOC,IL,235410,60,1.0,1,59,1,1,0,N,800000.0,0.0,800000.0,600000.0
390,FALLBROOK,CA,92028,CITY NATIONAL BANK,CA,235710,3,1.0,0,3,1,1,0,N,45000.0,0.0,45000.0,38250.0
391,PANAMA CITY,FL,32405,TRUSTMARK NATIONAL BANK,FL,0,6,2.0,0,0,0,0,N,N,200000.0,0.0,200000.0,150000.0
392,SAN DIEGO,CA,92122,"READYCAP LENDING, LLC",CA,621111,7,1.0,0,7,1,1,0,N,568000.0,0.0,568000.0,426000.0
393,DEARBORN,MI,48126,JPMORGAN CHASE BANK NATL ASSOC,IL,424950,1,1.0,0,1,0,1,Y,N,251720.0,0.0,100000.0,50000.0
394,CALEDONIA,NY,14423,THE BANK OF CASTILE,NY,0,5,1.0,0,0,0,0,N,N,65000.0,0.0,65000.0,58500.0
395,NEW HARMONY,UT,84757,ZIONS FIRST NATIONAL BANK,UT,425120,2,1.0,0,2,0,1,N,N,25000.0,0.0,25000.0,12500.0
396,JOHNSTON,RI,2919,BANK RHODE ISLAND,RI,812310,4,1.0,1,4,1,1,0,N,12000.0,0.0,20000.0,10000.0
397,REDONDO BEACH,CA,90277,CALIFORNIA BANK & TRUST,CA,713940,80,2.0,5,80,34850,1,0,N,252700.0,0.0,252700.0,189525.0
398,MADISON HEIGHTS,MI,48071,"FIRSTMERIT BANK, N.A.",MI,621210,15,1.0,0,15,1,1,0,N,210000.0,0.0,210000.0,157500.0
399,CARROLLTON,GA,30117,COMMUNITY & SOUTHERN BANK,GA,811111,1,2.0,0,0,1,0,N,Y,50000.0,0.0,50000.0,40000.0
400,HURRICANE MILLS,TN,37078,LOANS FROM OLD CLOSED LENDERS,DC,0,22,1.0,0,0,10465,0,0,N,1000000.0,0.0,1000000.0,750000.0
401,SYRACUSE,NY,13214,JPMORGAN CHASE BANK NATL ASSOC,IL,322233,1,1.0,0,1,1,1,0,N,40000.0,0.0,40000.0,20000.0
402,Boise,ID,83703,PANHANDLE STATE BANK,ID,811192,6,1.0,0,6,0,1,Y,N,169910.0,0.0,51500.0,25750.0
403,OMAHA,NE,68137,FIRST NATIONAL BANK OF OMAHA,NE,621310,2,2.0,0,0,1,1,N,Y,93700.0,0.0,93700.0,79645.0
404,Indianapolis,IN,46205,FIRST COLORADO NATIONAL BANK,CO,722211,3,2.0,3,0,0,1,N,N,275000.0,0.0,275000.0,247500.0
405,IRVING,TX,75038,BANK OF AMERICA NATL ASSOC,NC,611699,1,1.0,0,1,1,1,Y,N,10000.0,0.0,10000.0,5000.0
406,NORFOLK,VA,23505,WELLS FARGO BANK NATL ASSOC,SD,621210,2,1.0,0,0,1,0,0,N,164000.0,0.0,164000.0,123000.0
407,LARGO,FL,33771,GE CAP. SMALL BUS. FINAN CORP,TX,0,3,2.0,1,3,1,1,0,N,335000.0,0.0,335000.0,251250.0
408,ENGLEWOOD,CO,80110,"SUPERIOR FINANCIAL GROUP, LLC",CA,453998,1,2.0,0,1,0,1,N,N,10000.0,0.0,10000.0,8500.0
409,Brice,OH,43109,THE HUNTINGTON NATIONAL BANK,OH,541620,0,1.0,0,0,0,1,Y,N,25000.0,0.0,25000.0,12500.0
410,LYNCHBURG,VA,24501,BANK OF AMERICA NATL ASSOC,NC,0,2,2.0,2,2,1,0,0,N,76000.0,0.0,76000.0,38000.0
411,LEESBURG,VA,20175,"BUSINESS FINANCE GROUP, INC.",VA,812112,7,1.0,1,8,1,1,N,N,135000.0,0.0,135000.0,135000.0
412,AUSTIN,TX,78759,JPMORGAN CHASE BANK NATL ASSOC,IL,448120,8,1.0,0,0,1,0,N,N,300000.0,0.0,300000.0,249000.0
413,FARGO,ND,58103,RAMSEY NATIONAL BANK,ND,453110,4,1.0,0,0,1,1,N,N,100000.0,0.0,100000.0,85000.0
414,BAKERSFIELD,CA,93307,BANK OF AMERICA NATL ASSOC,NC,339999,7,1.0,0,7,0,1,N,N,10000.0,0.0,6000.0,3000.0
415,PASADENA,MD,21122,"WACHOVIA BANK, A DIVISION OF",VA,541921,1,2.0,0,0,1,0,N,Y,34000.0,0.0,34000.0,27200.0
416,RUPERT,ID,83350,ZIONS FIRST NATIONAL BANK,UT,531120,4,1.0,8,4,0,2,N,N,150000.0,0.0,150000.0,75000.0
417,REISTERSTOWN,MD,21136,NORTHWEST SAVINGS BANK,MD,811111,3,1.0,0,0,1,0,,Y,35000.0,0.0,35000.0,31500.0
418,PLANO,TX,75075,JPMORGAN CHASE BANK NATL ASSOC,IL,541219,6,2.0,6,6,48000,1,N,N,25000.0,0.0,25000.0,12500.0
419,SALEM,MA,1970,CENTURY BANK AND TRUST COMPANY,MA,541191,1,2.0,0,1,1,1,Y,N,12403.0,0.0,10000.0,5000.0
420,BIG BEAR LAKE,CA,92315,WILSHIRE BANK,CA,445110,2,1.0,0,2,0,1,N,N,173000.0,0.0,173000.0,155700.0
421,ISELIN,NJ,8830,"PNC BANK, NATIONAL ASSOCIATION",NJ,0,2,2.0,0,0,1,0,N,Y,80000.0,0.0,80000.0,64000.0
422,PROVIDENCE,RI,2909,CITIZENS BANK NATL ASSOC,RI,541110,1,1.0,0,1,1,1,Y,N,37710.0,0.0,10000.0,5000.0
423,GRAND BLANC,MI,48439,MICHIGAN CERT. DEVEL CORP,MI,111421,8,1.0,3,5,1,1,N,N,211000.0,0.0,211000.0,211000.0
424,SOMERSET,PA,15501,SOMERSET TRUST COMPANY,PA,315999,25,1.0,0,0,1,1,N,N,100000.0,0.0,130000.0,110500.0
425,UNION CITY,CA,94587,FREMONT BANK,CA,0,15,1.0,0,0,78760,0,N,Y,50000.0,0.0,50000.0,45000.0
426,Chambersburg,PA,17202,MANUFACTURERS & TRADERS TR CO,NY,484110,1,2.0,0,1,0,1,N,N,99000.0,0.0,99000.0,49500.0
427,SIGNAL MOUNTAIN,TN,37377,WELLS FARGO BANK NATL ASSOC,SD,621320,1,2.0,0,0,1,0,0,N,102000.0,0.0,102000.0,76500.0
428,CHICAGO,IL,60631,U.S. BANK NATIONAL ASSOCIATION,OH,541330,11,1.0,1,12,0,1,Y,N,85042.0,0.0,50000.0,25000.0
429,WOODSTOCK,CT,6281,FIRST NIAGARA BANK NATL ASSOC,CT,0,16,1.0,0,0,1,0,N,N,200000.0,0.0,200000.0,160000.0
430,PACIFICA,CA,94044,CAPITAL ONE NATL ASSOC,VA,423120,1,1.0,0,1,0,1,N,N,100000.0,0.0,100000.0,50000.0
431,DEERFIELD BEACH,FL,33441,CALIFORNIA BANK & TRUST,CA,337122,11,1.0,0,0,1,0,N,N,100000.0,0.0,100000.0,50000.0
432,BIG SPRINGS,TX,79720,FIRST COMMERCIAL CAPITAL,TX,0,6,1.0,0,0,1,0,N,N,270000.0,0.0,270000.0,202500.0
433,SAN DIEGO,CA,92126,FIRST BANK,CA,0,3,1.0,0,0,1,0,N,N,157000.0,0.0,157000.0,117750.0
434,CLANCY (CLANCEY),MT,59634,VALLEY BK OF HELENA A DIVISION,MT,237110,3,2.0,0,3,1,2,0,N,257000.0,0.0,257000.0,192750.0
435,GARDNER,MA,1440,GROW AMERICA FUND INC,NY,713120,5,1.0,0,0,1,2,0,Y,115000.0,0.0,115000.0,97750.0
436,BUFFALO,NY,14213,CITIZENS BANK NATL ASSOC,RI,445110,6,1.0,0,6,1,2,Y,N,100000.0,0.0,100000.0,50000.0
437,MARSHFIELD,WI,54449,BMO HARRIS BK NATL ASSOC,IL,451110,2,1.0,0,0,1,1,T,N,34125.0,0.0,30000.0,15000.0
438,Hinesburg,VT,5461,"TD BANK, NATIONAL ASSOCIATION",DE,448130,2,1.0,0,2,0,2,Y,N,40000.0,0.0,40000.0,20000.0
439,YAKIMA,WA,98902,WELLS FARGO BANK NATL ASSOC,SD,337110,1,2.0,0,0,1,0,N,N,53500.0,0.0,53500.0,48150.0
440,DAILEY,WV,26259,THE HUNTINGTON NATIONAL BANK,OH,484110,5,1.0,0,0,0,1,N,N,10300.0,0.0,10300.0,5150.0
441,HOUSTON,TX,77083,"SUPERIOR FINANCIAL GROUP, LLC",CA,445291,1,2.0,2,1,0,1,N,N,10000.0,0.0,10000.0,8500.0
442,CAPE CORAL,FL,33990,"BUSINESS LOAN CENTER, LLC",SC,541430,2,1.0,3,2,1,1,0,N,25000.0,0.0,25000.0,21250.0
443,SCHOFIELD,WI,54476,BMO HARRIS BK NATL ASSOC,IL,422810,23,1.0,0,0,0,0,N,N,196817.0,0.0,209000.0,156750.0
444,FRESNO,CA,93722,CALIFORNIA BANK & TRUST,CA,235950,19,1.0,0,0,1,0,0,N,260000.0,0.0,260000.0,195000.0
445,BROOMFIELD,CO,80021,U.S. BANK NATIONAL ASSOCIATION,OH,812990,4,1.0,0,4,0,1,Y,N,18340.0,0.0,10000.0,5000.0
446,MONROE,LA,71201,REGIONS BANK,LA,0,19,1.0,0,0,1,0,N,N,150000.0,0.0,150000.0,112500.0
447,SANTA MONICA,CA,90401,WILSHIRE BANK,CA,0,3,1.0,0,0,29600,0,0,N,15000.0,0.0,15000.0,12000.0
448,WEYAUWEGA,WI,54983,WISCONSIN BUS. DEVEL FINAN COR,WI,332710,65,1.0,35,0,1,2,N,N,414000.0,0.0,414000.0,414000.0
449,BRADENTON,FL,34217,CHARLOTTE STATE BANK & TRUST,FL,0,2,2.0,0,0,1,0,N,N,398259.0,0.0,400000.0,320800.0
450,CALDWELL,ID,83605,WELLS FARGO BANK NATL ASSOC,SD,0,2,1.0,0,0,1,0,N,N,100000.0,0.0,150000.0,135000.0
451,ALTA LOMA,CA,91701,WELLS FARGO BANK NATL ASSOC,CA,812310,2,1.0,0,0,1,0,N,Y,55000.0,0.0,55000.0,44000.0
452,CLEMMONS,NC,27012,BRANCH BK. & TR CO,NC,624410,1,2.0,0,0,1,0,N,Y,100000.0,0.0,100000.0,90000.0
453,NEW YORK,NY,10029,JPMORGAN CHASE BANK NATL ASSOC,IL,445110,5,1.0,0,5,1,1,N,N,48000.0,0.0,48000.0,24000.0
454,Toms river,NJ,8755,MANASQUAN SAVINGS BANK,NJ,722211,7,1.0,7,0,0,1,N,N,290000.0,0.0,290000.0,145000.0
455,MELROSE PARK,PA,19027,CITIZENS BANK NATL ASSOC,RI,448140,1,1.0,0,1,1,1,Y,N,169087.0,0.0,75000.0,37500.0
456,RIO VISTA,TX,76093,LOANS FROM OLD CLOSED LENDERS,DC,0,8,1.0,8,8,1,0,0,N,1185000.0,0.0,1185000.0,748920.0
457,HOUSTON,TX,77019,EAST WEST BANK,TX,812320,1,2.0,8,0,1,1,0,N,300000.0,0.0,300000.0,225000.0
458,SAN FRANCISCO,CA,94105,"UNION BANK, N.A.",CA,451211,2,2.0,0,0,1,0,0,Y,90000.0,0.0,90000.0,72000.0
459,ARLINGTON,TX,76017,LOANS FROM OLD CLOSED LENDERS,DC,811192,2,2.0,0,0,1,0,0,N,453800.0,0.0,453800.0,340350.0
460,MINNEAPOLIS,MN,55411,THE BANK OF ELK RIVER,MN,812320,2,2.0,36,2,1,1,0,N,257000.0,0.0,257000.0,128500.0
461,NEW RICHMOND,WI,54017,WISCONSIN BUS. DEVEL FINAN COR,WI,0,14,1.0,11,0,1,0,N,N,684000.0,0.0,684000.0,684000.0
462,HUDSON,NH,3051,GRANITE ST. ECONOMIC DEVEL COR,NH,421830,15,1.0,5,10,1,1,N,N,235000.0,0.0,235000.0,235000.0
463,SICKLERVILLE,NJ,8081,CITIZENS BANK NATL ASSOC,RI,445310,6,2.0,0,6,1,1,N,N,25000.0,0.0,25000.0,12500.0
464,PUYALLUP,WA,98374,COMERICA BANK,TX,812990,1,1.0,0,1,1,1,0,N,132000.0,0.0,132000.0,112200.0
465,TWINSBURG,OH,44087,THE HUNTINGTON NATIONAL BANK,OH,812199,5,2.0,0,5,0,1,Y,N,50000.0,0.0,25000.0,12500.0
466,PINOLE,CA,94564,"CITIBANK, N.A.",SD,531210,2,1.0,0,2,1,1,Y,N,27626.0,0.0,25000.0,12500.0
467,PAXTON,MA,1611,BAY STATE SAVINGS BANK,MA,0,4,1.0,0,0,1,0,Y,N,25487.0,0.0,25000.0,12500.0
468,DEFOREST,WI,53532,BMO HARRIS BK NATL ASSOC,IL,492210,1,1.0,1,0,0,1,Y,N,13000.0,0.0,13000.0,6500.0
469,SPRINGFIELD,VA,22150,BRANCH BK. & TR CO,NC,512199,7,1.0,0,7,0,1,Y,N,270826.0,0.0,100000.0,50000.0
470,FAIRFAX,VA,22030,UNITED BANK,VA,0,36,1.0,0,0,1,0,N,N,1250000.0,0.0,1250000.0,511700.0
471,SHREVEPORT,LA,71137,"READYCAP LENDING, LLC",CA,333319,20,1.0,0,0,1,0,0,N,1177000.0,0.0,1177000.0,749984.0
472,FARMINGTON,MI,48336,"FIRSTMERIT BANK, N.A.",OH,561110,18,1.0,7,18,1,1,T,N,90023.0,0.0,50000.0,25000.0
473,MEDLEY,FL,33166,JPMORGAN CHASE BANK NATL ASSOC,IL,325612,1,1.0,0,1,1,2,Y,N,33300.0,0.0,30000.0,15000.0
474,Bellevue,WA,98007,BANNER BANK,WA,621310,3,2.0,4,3,0,1,N,N,508000.0,0.0,508000.0,381000.0
475,GALESBURG,IL,61401,CITIZENS BANK NATL ASSOC,RI,447190,5,2.0,1,6,0,1,N,N,50000.0,0.0,50000.0,25000.0
476,EDISON (TOWNSHIP OF),NJ,8837,COLUMBIA BANK,NJ,323119,19,2.0,0,19,1,1,T,N,75000.0,0.0,50000.0,25000.0
477,GOLCONDA,NV,89414,BANK OF AMERICA NATL ASSOC,NC,484121,1,1.0,0,1,0,2,Y,N,52872.0,0.0,25000.0,12500.0
478,CASTLE ROCK,CO,80104,PREMIER BANK,CO,445310,1,2.0,1,0,1,1,0,N,150000.0,0.0,150000.0,127500.0
479,ROCHESTER,MN,55901,FORESIGHT BANK,MN,621610,50,1.0,0,0,1,1,0,Y,63000.0,0.0,63000.0,53550.0
480,PORTLAND,ME,4103,BANK OF AMERICA NATL ASSOC,RI,448140,3,1.0,0,3,1,1,0,N,6300.0,0.0,6300.0,3150.0
481,PARKER,CO,80134,WELLS FARGO BANK NATL ASSOC,SD,541990,2,1.0,0,2,1,1,Y,N,29675.0,0.0,15000.0,7500.0
482,Phenix City,AL,36867,BRANCH BK. & TR CO,NC,484110,1,1.0,0,1,0,2,N,N,6000.0,0.0,6000.0,3000.0
483,SACRAMENTO,CA,95822,GREATER SACRAMENTO CERT. DEVEL,CA,0,8,1.0,3,0,1,0,N,N,81000.0,0.0,81000.0,81000.0
484,HOUSTON,TX,77009,BANK OF AMERICA NATL ASSOC,NC,541613,1,1.0,0,1,1,1,Y,N,10000.0,0.0,10000.0,5000.0
485,GREAT FALLS,MT,59401,WELLS FARGO BANK NATL ASSOC,MT,0,7,1.0,0,0,21400,0,N,N,134500.0,0.0,134500.0,111635.0
486,GRAND JUNCTION,CO,81501,ANB BANK,CO,0,4,1.0,0,0,1,0,N,Y,48000.0,0.0,57000.0,45600.0
487,PASO ROBLES,CA,93446,COASTAL BUSINESS FINANCE,CA,512132,30,1.0,30,0,1,0,N,N,1000000.0,0.0,1000000.0,1000000.0
488,EDMONDS,WA,98026,BANNER BANK,WA,722213,1,1.0,0,1,1,1,0,N,35000.0,0.0,35000.0,29750.0
489,NEW YORK,NY,10002,JPMORGAN CHASE BANK NATL ASSOC,IL,445299,2,1.0,0,2,0,1,Y,N,66138.0,0.0,25000.0,12500.0
490,WICHITA,KS,67226,FIRST STATE BANK,KS,0,20,2.0,0,0,1,0,N,N,163200.0,0.0,163200.0,138720.0
491,WHEAT RIDGE,CO,80033,"WACHOVIA SBA LENDING, INC.",CA,811310,6,1.0,2,4,1,1,0,N,193500.0,0.0,193500.0,145125.0
492,GHENT,MN,56239,BREMER TRUST NATL ASSOC,MN,0,5,1.0,0,0,0,0,N,N,200000.0,0.0,200000.0,180000.0
493,SAN FRANCISCO,CA,94103,"CAPITAL ACCESS GROUP, INC.",CA,424930,17,1.0,8,0,1,1,0,N,321000.0,0.0,366000.0,366000.0
494,TREASURE ISLAND,FL,33706,SYNOVUS BANK,FL,812310,1,1.0,0,1,1,2,0,N,63000.0,0.0,63000.0,53550.0
495,Jacksonville,FL,32256,CAPITAL ONE NATL ASSOC,VA,722110,15,1.0,2,15,1,1,N,N,100000.0,0.0,100000.0,50000.0
496,CONWAY (CENSUS NAME FOR CONWAY,NH,3818,CITIZENS BANK NATL ASSOC,NH,541219,1,1.0,0,1,1,1,Y,N,5000.0,0.0,5000.0,2500.0
497,MANHATTAN,KS,66502,KANSAS STATE BANK OF MANHATTAN,KS,453910,2,2.0,0,0,1,2,N,N,57000.0,0.0,57000.0,48450.0
498,CHICAGO,IL,60618,REPUBLIC BANK OF CHICAGO,IL,323110,3,1.0,0,0,1,1,0,Y,40000.0,0.0,40000.0,32000.0
499,MANTECA,CA,95337,BAY AREA EMPLOYMENT DEVEL CO,CA,531210,5,1.0,10,0,1,1,0,N,344000.0,0.0,344000.0,344000.0
